pk;rodzaj;dokument
1;umowa o pracę;
2;umowa o pracę;
3;umowa o pracę;
4;umowa o pracę;
5;umowa o pracę;
6;umowa zlecenia;
7;umowa zlecenia;
8;umowa zlecenia;
9;umowa zlecenia;
10;umowa zlecenia;
11;umowa o pracę;
12;umowa o pracę;
13;umowa o pracę;
14;umowa o pracę;
15;umowa zlecenia;
16;umowa zlecenia;
17;b2b;
18;b2b;
19;b2b;
20;umowa o pracę;
21;umowa o pracę;
22;umowa o pracę;
23;umowa o pracę;
24;umowa o pracę;
25;umowa o pracę;
26;umowa zlecenia;
27;umowa zlecenia;
28;umowa zlecenia;
29;umowa zlecenia;
30;umowa zlecenia;
31;umowa o pracę;
32;umowa o pracę;
33;umowa o pracę;
34;umowa o pracę;
35;umowa zlecenia;
36;umowa zlecenia;
37;b2b;
38;b2b;
39;b2b;
40;umowa o pracę;
41;umowa o pracę;
42;umowa o pracę;
43;umowa o pracę;
44;umowa o pracę;
45;umowa o pracę;
46;umowa zlecenia;
47;umowa zlecenia;
48;umowa zlecenia;
49;umowa zlecenia;
50;umowa zlecenia;
51;umowa o pracę;
52;umowa o pracę;
53;umowa o pracę;
54;umowa o pracę;
55;umowa zlecenia;
56;umowa zlecenia;
57;b2b;
58;b2b;
59;b2b;
60;umowa o pracę;
61;umowa o pracę;
62;umowa o pracę;
63;umowa o pracę;
64;umowa o pracę;
65;umowa o pracę;
66;umowa zlecenia;
67;umowa zlecenia;
68;umowa zlecenia;
69;umowa zlecenia;
70;umowa zlecenia;
71;umowa o pracę;
72;umowa o pracę;
73;umowa o pracę;
74;umowa o pracę;
75;umowa zlecenia;
76;umowa zlecenia;
77;b2b;
78;b2b;
79;b2b;
80;umowa o pracę;
81;umowa o pracę;
82;umowa o pracę;
83;umowa o pracę;
84;umowa o pracę;
85;umowa o pracę;
86;umowa zlecenia;
87;umowa zlecenia;
88;umowa zlecenia;
89;umowa zlecenia;
90;umowa zlecenia;
91;umowa o pracę;
92;umowa o pracę;
93;umowa o pracę;
94;umowa o pracę;
95;umowa zlecenia;
96;umowa zlecenia;
97;b2b;
98;b2b;
99;b2b;
100;umowa o pracę;
101;umowa o pracę;
102;umowa o pracę;
103;umowa o pracę;
104;umowa o pracę;
105;umowa o pracę;
106;umowa zlecenia;
107;umowa zlecenia;
108;umowa zlecenia;
109;umowa zlecenia;
110;umowa zlecenia;
111;umowa o pracę;
112;umowa o pracę;
113;umowa o pracę;
114;umowa o pracę;
115;umowa zlecenia;
116;umowa zlecenia;
117;b2b;
118;b2b;
119;b2b;
120;umowa o pracę;